time,H2,Formate,Acetate,Lactate,Butyrate,Glucose,Wolinella,Clostridium,NO3,NO2,CO2
0,1.00E-20,0,0,0,0,2.806626891,1.79E+05,1.11E+06,9.406666667,0.04,5.62
7.5,1.00E-20,0,0.1,0,0.066666667,2.777784299,9.93E+05,5.38E+06,10.07,0.156666667,6.06
13.5,1.00E-20,0,0.633333333,0,0.1,1.996221309,1.46E+07,4.47E+07,8.62,0.726666667,7.78
17,1.00E-20,0,2.566666667,0,0.533333333,0.65162037,4.98E+07,1.61E+08,7.543333333,2.093333333,9.33
21.25,1.00E-20,0,3.4,0,0.633333333,0,6.72E+07,2.20E+08,5.973333333,2.08,10.06
